record_type	ref	tip	main_relation	ahead_commits	behind_commits	marker_status	task	deferred_checks	worktree_state	worktree_paths	candidate_action
META	origin/main	b65e1f5488880c0555556d5a0badf1e9661903ea	-	-	-	-	-	-	-	-	-
BRANCH	refs/heads/codex/backend-startup-import-fix	284f35b748de2dc0fd5b7872a71d03f3ce638504	ALREADY_IN_MAIN	0	91	NONE	UNKNOWN	NONE	NONE		ALREADY_CANONICAL
BRANCH	refs/heads/codex/canonical-dirty-rescue-20261004T000548Z	92febd25a4610c1be3ecd6cc6bd6f229afbdbd8a	DIVERGED_FROM_MAIN	2	95	NONE	UNKNOWN	NONE	NONE		REVIEW_RESCUE_OR_QUARANTINE
BRANCH	refs/heads/codex/canonical-dirty-rescue-20261004T004432Z-5e39d322b1-2107295	35e9507efa0f20adcf169a3513745e80a5512f11	DIVERGED_FROM_MAIN	2	95	NONE	UNKNOWN	NONE	NONE		REVIEW_RESCUE_OR_QUARANTINE
BRANCH	refs/heads/codex/canonical-dirty-rescue-20261004T004738Z-bd61133bc4-2115843	75c2b931ddddc801646ec0901f5d48cb606487fd	DIVERGED_FROM_MAIN	1	67	NONE	UNKNOWN	NONE	NONE		REVIEW_RESCUE_OR_QUARANTINE
BRANCH	refs/heads/codex/canonical-dirty-rescue-20261004T123355Z-595de821da-3151035	742fa61aa04e92faedcabd827837b0f6b3c3d4b4	DIVERGED_FROM_MAIN	1	66	NONE	UNKNOWN	NONE	NONE		REVIEW_RESCUE_OR_QUARANTINE
BRANCH	refs/heads/codex/canonical-dirty-rescue-20261004T175541Z-d7a43e0d28-3579615	1698c7f0528999d57504e7c2f41065dbd2550217	DIVERGED_FROM_MAIN	1	56	NONE	UNKNOWN	NONE	NONE		REVIEW_RESCUE_OR_QUARANTINE
BRANCH	refs/heads/codex/canonical-history-rescue-20261004T004628Z-5e39d322b1-2113690	5e39d322b1382bb0f15c2f786c8f8745055dc865	DIVERGED_FROM_MAIN	1	95	NONE	UNKNOWN	NONE	NONE		REVIEW_RESCUE_OR_QUARANTINE
BRANCH	refs/heads/codex/fix-public-site-typecheck-20261004	8e7897f2d2de1c81c0daf4dfef92bf1895c7b2ae	ALREADY_IN_MAIN	0	64	READY_FOR_HEAVY_VERIFICATION	Public site runtime guards and web typecheck remediation	serialized full web/monorepo typecheck; fix remaining web diagnostics; full build; browser E2E	CLEAN	/home/dev/.codex/worktrees/public-site-typecheck-finish-20261004	ALREADY_CANONICAL
BRANCH	refs/heads/codex/fix-runner-dom-settle-tests	3fefabfe1327e7544c20ddb79e119149a364b727	DIVERGED_FROM_MAIN	1	81	READY_FOR_INTEGRATION	Fix macOS-flaky Runner DOM settle tests	NONE	CLEAN	/home/dev/.codex/worktrees/runner-dom-settle-tests	REVIEW_FAST_GATE_AND_INTEGRATE
BRANCH	refs/heads/codex/improve-release-lifecycle-skills-20261004	642c97d2f7c612bb6cd9dee3c5a3663f02eef71e	DIVERGED_FROM_MAIN	1	65	READY_FOR_HEAVY_VERIFICATION	Improve release lifecycle skill handoffs and task SHA guard	External CI verification for promotion tooling; maintain heavy gate before main promotion; task-specific canonical build/deploy smoke only after an integrated SHA exists	CLEAN	/home/dev/.codex/worktrees/improve-release-lifecycle-skills-20261004	REVIEW_FAST_GATE_AND_INTEGRATE
BRANCH	refs/heads/codex/integration-controller-runner-20261004	abe6ce0505741a47565dd4e018abfd3ad39d5176	ALREADY_IN_MAIN	0	57	NONE	UNKNOWN	NONE	NONE		ALREADY_CANONICAL
BRANCH	refs/heads/codex/integration-controller-runner-desktop-20261005	b360c16454c608780a9f512e274e9e577adc685a	ALREADY_IN_MAIN	0	50	NONE	UNKNOWN	NONE	CLEAN	/home/dev/.codex/worktrees/integration-controller-runner-20261004	ALREADY_CANONICAL
BRANCH	refs/heads/codex/integration-controller-spec266-20261005	b360c16454c608780a9f512e274e9e577adc685a	ALREADY_IN_MAIN	0	50	NONE	UNKNOWN	NONE	CLEAN	/home/dev/.codex/worktrees/integration-controller-spec266-20261005	ALREADY_CANONICAL
BRANCH	refs/heads/codex/integration-runner-desktop-ui-20261004	bd61133bc4ca68ddf7d797e9f2d42e1cc150cb37	ALREADY_IN_MAIN	0	67	NONE	UNKNOWN	NONE	CLEAN	/home/dev/.codex/worktrees/integration-controller-20261003	ALREADY_CANONICAL
BRANCH	refs/heads/codex/redis-decoupling	31eae98bdb824aa630b8b9d0cdc007067ea9f123	ALREADY_IN_MAIN	0	89	NONE	UNKNOWN	NONE	CLEAN	/tmp/SmartSpecPro-backend-startup-fix	ALREADY_CANONICAL
BRANCH	refs/heads/codex/runner-artifact-auth-20261004	7830330719dbcbefec462112da3952ac6c3ebdc8	DIVERGED_FROM_MAIN	1	68	READY_FOR_INTEGRATION	Runner GUI installers and secured download route	NONE	CLEAN	/home/dev/.codex/worktrees/runner-desktop-build-ui	REVIEW_FAST_GATE_AND_INTEGRATE
BRANCH	refs/heads/codex/runner-build-date-console-fix-20261005	68247741efb2ccf55e0e0a08dacf3ee86f0402b5	DIVERGED_FROM_MAIN	1	53	READY_FOR_HEAVY_VERIFICATION	Spec 205 follow-up: guarantee native Runner build timestamps and portable checksums	Rebuild Windows NSIS and macOS Universal from this branch; require nonempty ISO buildDate in manifests and verify SHA256SUMS on Linux	CLEAN	/home/dev/.codex/worktrees/runner-build-date-console-fix-20261005	REVIEW_FAST_GATE_AND_INTEGRATE
BRANCH	refs/heads/codex/runner-catalog-consistency-20261004	50cc4fd3d410966de50fd46d0a2f6cd710b38a2c	DIVERGED_FROM_MAIN	1	66	READY_FOR_HEAVY_VERIFICATION	Runner Dashboard CLI and Desktop review downloads	focused Runner API auth/service and Dashboard component verification; affected web package typecheck/build; live authenticated download check after integration/deploy	CLEAN	/home/dev/.codex/worktrees/runner-catalog-consistency-20261004	REVIEW_FAST_GATE_AND_INTEGRATE
BRANCH	refs/heads/codex/runner-desktop-build-ui	c2a37b2ef38f45afd527464949bc7ee46fb277c4	DIVERGED_FROM_MAIN	11	79	NONE	UNKNOWN	NONE	NONE		REVIEW_FAST_GATE_AND_INTEGRATE
BRANCH	refs/heads/codex/runner-desktop-dashboard-download-20261004	446c4c8e740838ca3579b5330d3f4e1c3675264d	DIVERGED_FROM_MAIN	2	66	READY_FOR_HEAVY_VERIFICATION	Spec 205 dashboard unsigned desktop runner downloads	Focused RunnerReleasePanel and runnerReleases route/service tests; affected web-package typecheck/build; live authenticated Windows/macOS ZIP download after deployment	CLEAN	/home/dev/.codex/worktrees/runner-desktop-dashboard-download-20261004	REVIEW_FAST_GATE_AND_INTEGRATE
BRANCH	refs/heads/codex/runner-desktop-download-history-20261004	044f78a02f2a1a1a202420e25bf0a3139205242e	DIVERGED_FROM_MAIN	3	66	NONE	UNKNOWN	NONE	CLEAN	/home/dev/.codex/worktrees/runner-desktop-download-history-20261004	REVIEW_FAST_GATE_AND_INTEGRATE
BRANCH	refs/heads/codex/runner-desktop-history-ci-fix-20261004	f5b275d0884709858bdefa9961444ca8acd41e93	DIVERGED_FROM_MAIN	1	58	READY_FOR_HEAVY_VERIFICATION	Spec 205 Runner desktop history, max five versions	No repository typecheck per AGENTS.md; full monorepo build and authenticated Dashboard download smoke after integration/deploy	CLEAN	/home/dev/.codex/worktrees/runner-desktop-history-ci-fix-20261004	REVIEW_FAST_GATE_AND_INTEGRATE
BRANCH	refs/heads/codex/runner-desktop-history-delivery-20261004	82ddd6fbf6b558b98e6912ebabf8b90509be52f7	DIVERGED_FROM_MAIN	1	58	READY_FOR_HEAVY_VERIFICATION	Runner dashboard release history and platform review downloads	PR SmartSpecWeb full coverage run 37216681403; broad monorepo suite remains deferred because unrelated CI baseline failures	CLEAN	/home/dev/.codex/worktrees/runner-desktop-history-delivery-20261004	REVIEW_FAST_GATE_AND_INTEGRATE
BRANCH	refs/heads/codex/runner-desktop-history-final-20261004	2dad61abd2471a9636ad934b661ffd72a42d0915	DIVERGED_FROM_MAIN	3	66	READY_FOR_HEAVY_VERIFICATION	Spec 205 Dashboard desktop Runner history	focused Runner UI/API tests and affected web build on CI; repository typecheck prohibited by AGENTS.md; live authenticated Windows/macOS download after deployment; broad CI run 37185794755 failed unrelated jobs and SmartSpecWeb test step stopped before build	CLEAN	/home/dev/.codex/worktrees/runner-desktop-history-final-20261004	REVIEW_FAST_GATE_AND_INTEGRATE
BRANCH	refs/heads/codex/runner-desktop-onboarding-20261004	bc59f832ddd496006004d27de0022df2f54813ec	ALREADY_IN_MAIN	0	65	READY_FOR_HEAVY_VERIFICATION	Runner Desktop real Codex task verification and onboarding metadata	Windows and macOS native installer build/install; target-host Codex CLI prompt response; provider-authenticated end-to-end verification	CLEAN	/home/dev/.codex/worktrees/runner-windows-console-20261004	ALREADY_CANONICAL
BRANCH	refs/heads/codex/runner-desktop-ui-fix-20261004	7f7634b50aa6efbfed1dc080d372cb4d7b297616	DIVERGED_FROM_MAIN	1	70	READY_FOR_INTEGRATION	Runner GUI installer and CLI catalog clarity	NONE	NONE		REVIEW_FAST_GATE_AND_INTEGRATE
BRANCH	refs/heads/codex/runner-downloads	3d48e4a5da11cfb66e7b7a1d2c8f68b1276435ae	DIVERGED_FROM_MAIN	2	82	NONE	UNKNOWN	NONE	CLEAN	/home/dev/.codex/worktrees/runner-downloads	REVIEW_FAST_GATE_AND_INTEGRATE
BRANCH	refs/heads/codex/runner-native-ui	80711ed5cecbefc3fe41da93d9281599773dcd35	ALREADY_IN_MAIN	0	94	NONE	UNKNOWN	NONE	CLEAN	/home/dev/.codex/worktrees/runner-native-ui/SmartSpecPro	ALREADY_CANONICAL
BRANCH	refs/heads/codex/runner-ui-harness-version-console-20261005	c059bee6e2dd24d401e05a4e8f8c5e8ae9dc52ec	ALREADY_IN_MAIN	0	53	READY_FOR_HEAVY_VERIFICATION	Spec 205 Runner desktop release: suppress Windows consoles, display build/install identity, and user-triggered Codex task verification	Native Windows x64 NSIS and macOS Universal DMG builds; inspect packaged version/build-date resources; Windows GUI launch and harness subprocess console smoke check on Windows	CLEAN	/home/dev/.codex/worktrees/runner-ui-harness-fix-20261005	ALREADY_CANONICAL
BRANCH	refs/heads/codex/runner-verify-task-response-20261005	4f73cddfeb96588c9834dd3a529c24b00a106541	DIVERGED_FROM_MAIN	1	51	READY_FOR_HEAVY_VERIFICATION	Runner harness discovery and real response verification	Windows/macOS native validation on hosted CI before main integration	CLEAN	/home/dev/.codex/worktrees/runner-verify-task-response-20261005	REVIEW_FAST_GATE_AND_INTEGRATE
BRANCH	refs/heads/codex/spec216-route-alignment-20261005	d6ef8f3eb88f408a0259633ef4c48325e12bf0cd	DIVERGED_FROM_MAIN	3	52	NONE	UNKNOWN	NONE	DIRTY	/home/dev/.codex/worktrees/spec216-route-alignment-20261005	PRESERVE_DIRTY_THEN_SPLIT_SAFE_CHECKPOINT
BRANCH	refs/heads/codex/spec224-readiness-docs-20261004	c4a393059a1ed2c956f2d08cc4ca9b4d9e407ccd	DIVERGED_FROM_MAIN	1	66	READY_FOR_INTEGRATION	Spec 224 readiness status correction	NONE	CLEAN	/home/dev/worktrees/spec224-readiness-docs-20261004	REVIEW_FAST_GATE_AND_INTEGRATE
BRANCH	refs/heads/codex/spec224-readiness-status-20261004	fedab7eeb2ae01f876012acb65492c8b38e962fb	DIVERGED_FROM_MAIN	1	65	READY_FOR_HEAVY_VERIFICATION	Spec 224 local workspace-first Runner candidate runtime	HEAVY_PENDING: migration application/replay; live Runner/provider smoke; Final Verify runtime; deployment verification	DIRTY	/home/dev/worktrees/spec224-readiness-status-20261004	PRESERVE_DIRTY_THEN_SPLIT_SAFE_CHECKPOINT
BRANCH	refs/heads/codex/spec224-resource-aware-verification-20261003	561b6459c110a8dabc15a0dd32c64b8cf0b1be3f	ALREADY_IN_MAIN	0	82	NONE	UNKNOWN	NONE	CLEAN	/home/dev/worktrees/spec224-resource-aware-verification-20261003	ALREADY_CANONICAL
BRANCH	refs/heads/codex/spec224-workspace-first-20261003	fedab7eeb2ae01f876012acb65492c8b38e962fb	DIVERGED_FROM_MAIN	1	65	READY_FOR_HEAVY_VERIFICATION	Spec 224 local workspace-first Runner candidate runtime	HEAVY_PENDING: migration application/replay; live Runner/provider smoke; Final Verify runtime; deployment verification	CLEAN	/home/dev/worktrees/spec224-workspace-first-20261003	REVIEW_FAST_GATE_AND_INTEGRATE
BRANCH	refs/heads/codex/spec226-completion-20261004	3f1a7f4cdb799f95410be41f667e3d906d73caa8	DIVERGED_FROM_MAIN	1	66	NONE	UNKNOWN	NONE	DIRTY	/home/dev/worktrees/spec226-completion-20261004	PRESERVE_DIRTY_THEN_SPLIT_SAFE_CHECKPOINT
BRANCH	refs/heads/codex/spec261-closeout-20261005	b65e1f5488880c0555556d5a0badf1e9661903ea	ALREADY_IN_MAIN	0	0	NONE	UNKNOWN	NONE	CLEAN	/home/dev/.codex/worktrees/spec261-closeout-20261005	ALREADY_CANONICAL
BRANCH	refs/heads/codex/spec261-spaas-phase-a-20261005	d6ef8f3eb88f408a0259633ef4c48325e12bf0cd	DIVERGED_FROM_MAIN	3	52	NONE	UNKNOWN	NONE	DIRTY	/home/dev/projects/SmartSpecPro	PRESERVE_DIRTY_THEN_SPLIT_SAFE_CHECKPOINT
BRANCH	refs/heads/codex/spec263-270-completeness-review-20261004	222b80780ef7b6a0bdf2389b3de37a3c12d52761	DIVERGED_FROM_MAIN	1	65	READY_FOR_HEAVY_VERIFICATION	Spec 263/270 ten-round completeness audit and safe gap closure	heavy verification of cross-tenant browser/production behavior; durable design storage/recovery/retention owner; callable Spec 224/256 authority; certified provider binding and cleanup; approved Film design/copy/assets/rights	CLEAN	/home/dev/.codex/worktrees/spec263-270-completeness-review-20261004	REVIEW_FAST_GATE_AND_INTEGRATE
BRANCH	refs/heads/codex/spec263-270-implementation	49decb91ee595fb10f5191116c77601f975d8f02	ALREADY_IN_MAIN	0	93	NONE	UNKNOWN	NONE	CLEAN	/home/dev/.codex/worktrees/spec263-270-implementation/SmartSpecPro	ALREADY_CANONICAL
BRANCH	refs/heads/codex/spec263-270-public-completion-20261005	5df31462f8edc9b42b2e9758acb4d3474592bfef	ALREADY_IN_MAIN	0	4	NONE	UNKNOWN	NONE	DIRTY	/home/dev/.codex/worktrees/spec263-270-public-completion-20261005	PRESERVE_AND_CHECKPOINT_DIRTY_REMAINDER
BRANCH	refs/heads/codex/spec263-270-tenant-completion-20261004	7722e4fdff4bdc9ce4af6c148e89345fb1a83218	DIVERGED_FROM_MAIN	1	66	READY_FOR_HEAVY_VERIFICATION	Spec 263/270 tenant-aware public homepage	focused tests, package typecheck/build, DB compatibility and migration review, integration, synchronized deploy, smartaihub.app tenant page/runtime verification	DIRTY	/home/dev/.codex/worktrees/spec263-270-tenant-completion-20261004	PRESERVE_DIRTY_THEN_SPLIT_SAFE_CHECKPOINT
BRANCH	refs/heads/codex/spec263-270-website-completion-20261003	206887a2ab5271b91d4fe8743338451e5a68b2ee	ALREADY_IN_MAIN	0	88	NONE	UNKNOWN	NONE	CLEAN	/home/dev/.codex/worktrees/spec263-270-website-completion/SmartSpecPro	ALREADY_CANONICAL
BRANCH	refs/heads/codex/spec266-runtime-composition-20261005	cdb56a4b9bb97f2668c6bfe0f5d081a27fa1066c	DIVERGED_FROM_MAIN	1	40	READY_FOR_HEAVY_VERIFICATION	Spec 266 runtime-gate follow-up	Serialized full repository verification; production research executor and trusted runtime readiness composition; source rights/provider and 260-to-Fabric binding; durable candidate/notice writer; 262 compatibility replay; deployment, rollback, migration parity and §47 environment/operator evidence	CLEAN	/home/dev/projects/SmartSpecPro-spec266-unified-data-evidence	REVIEW_FAST_GATE_AND_INTEGRATE
BRANCH	refs/heads/codex/spec266-unified-data-evidence-20261005	57facdebdb3959c4d4cccfb12ce58e190699d554	DIVERGED_FROM_MAIN	13	50	NONE	UNKNOWN	NONE	NONE		REVIEW_FAST_GATE_AND_INTEGRATE
BRANCH	refs/heads/codex/spec266-unified-data-evidence-clean-20261005	68454ec5bda98e4dc9775fed6e45aea8571d1b8b	DIVERGED_FROM_MAIN	1	41	READY_FOR_HEAVY_VERIFICATION	Spec 266 unified data evidence implementation	Full repo verification; runtime wiring/outbox integration for Fabric seams; current 260-to-Fabric trust binding and 262 compatibility proof; provider rights/production capture validation; deployment and rollback/schema readiness	NONE		REVIEW_FAST_GATE_AND_INTEGRATE
BRANCH	refs/heads/codex/spec277-runtime-alignment-20261005	d6ef8f3eb88f408a0259633ef4c48325e12bf0cd	DIVERGED_FROM_MAIN	3	52	NONE	UNKNOWN	NONE	NONE		REVIEW_FAST_GATE_AND_INTEGRATE
BRANCH	refs/heads/codex/spec278-durable-sessions	d6ef8f3eb88f408a0259633ef4c48325e12bf0cd	DIVERGED_FROM_MAIN	3	52	NONE	UNKNOWN	NONE	DIRTY	/home/dev/projects/SmartSpecPro-wt-spec278	PRESERVE_DIRTY_THEN_SPLIT_SAFE_CHECKPOINT
BRANCH	refs/heads/codex/spec278-safe-checkpoint-20261005	364157539bbbba2b0c5dcce232bdabf942b41187	ALREADY_IN_MAIN	0	3	NONE	UNKNOWN	NONE	DIRTY	/home/dev/projects/SmartSpecPro-wt-spec278-main	PRESERVE_AND_CHECKPOINT_DIRTY_REMAINDER
BRANCH	refs/heads/codex/task-parallel-codex-workflow	35fc15100867b685450793db124e9d0c0c25bd48	DIVERGED_FROM_MAIN	1	81	READY_FOR_INTEGRATION	parallel-codex-workflow	NONE	CLEAN	/home/dev/.codex/worktrees/parallel-codex-workflow	REVIEW_FAST_GATE_AND_INTEGRATE
BRANCH	refs/heads/codex/tenant-public-site-20261004	5bb6a0a4062a0ffd955fd6f4ce9298dc16eea363	DIVERGED_FROM_MAIN	1	65	READY_FOR_HEAVY_VERIFICATION	tenant-aware public homepage and tenant-ID alignment	serialized schema and client/server contract verification; build/deploy remains deferred by user instruction	CLEAN	/home/dev/.codex/worktrees/tenant-public-site-20261004	REVIEW_FAST_GATE_AND_INTEGRATE
BRANCH	refs/heads/codex/urgent-canonical-convergence-20261005	b65e1f5488880c0555556d5a0badf1e9661903ea	ALREADY_IN_MAIN	0	0	NONE	UNKNOWN	NONE	DIRTY	/home/dev/worktrees/urgent-canonical-convergence-20261005	PRESERVE_AND_CHECKPOINT_DIRTY_REMAINDER
BRANCH	refs/heads/codex/worktree-reconciliation-20261003	115926375a4a22e8722b84fbc0badef0a29755bb	DIVERGED_FROM_MAIN	11	87	NONE	UNKNOWN	NONE	CLEAN	/home/dev/worktrees/worktree-reconciliation-20261003	REVIEW_FAST_GATE_AND_INTEGRATE
BRANCH	refs/remotes/origin/codex/canonical-dirty-rescue-20261004T000548Z	92febd25a4610c1be3ecd6cc6bd6f229afbdbd8a	DIVERGED_FROM_MAIN	2	95	NONE	UNKNOWN	NONE	NONE		REVIEW_RESCUE_OR_QUARANTINE
BRANCH	refs/remotes/origin/codex/canonical-dirty-rescue-20261004T004432Z-5e39d322b1-2107295	35e9507efa0f20adcf169a3513745e80a5512f11	DIVERGED_FROM_MAIN	2	95	NONE	UNKNOWN	NONE	NONE		REVIEW_RESCUE_OR_QUARANTINE
BRANCH	refs/remotes/origin/codex/canonical-dirty-rescue-20261004T004738Z-bd61133bc4-2115843	75c2b931ddddc801646ec0901f5d48cb606487fd	DIVERGED_FROM_MAIN	1	67	NONE	UNKNOWN	NONE	NONE		REVIEW_RESCUE_OR_QUARANTINE
BRANCH	refs/remotes/origin/codex/canonical-dirty-rescue-20261004T123355Z-595de821da-3151035	742fa61aa04e92faedcabd827837b0f6b3c3d4b4	DIVERGED_FROM_MAIN	1	66	NONE	UNKNOWN	NONE	NONE		REVIEW_RESCUE_OR_QUARANTINE
BRANCH	refs/remotes/origin/codex/canonical-dirty-rescue-20261004T175541Z-d7a43e0d28-3579615	1698c7f0528999d57504e7c2f41065dbd2550217	DIVERGED_FROM_MAIN	1	56	NONE	UNKNOWN	NONE	NONE		REVIEW_RESCUE_OR_QUARANTINE
BRANCH	refs/remotes/origin/codex/canonical-history-rescue-20261004T004628Z-5e39d322b1-2113690	5e39d322b1382bb0f15c2f786c8f8745055dc865	DIVERGED_FROM_MAIN	1	95	NONE	UNKNOWN	NONE	NONE		REVIEW_RESCUE_OR_QUARANTINE
BRANCH	refs/remotes/origin/codex/fix-public-site-typecheck-20261004	8e7897f2d2de1c81c0daf4dfef92bf1895c7b2ae	ALREADY_IN_MAIN	0	64	READY_FOR_HEAVY_VERIFICATION	Public site runtime guards and web typecheck remediation	serialized full web/monorepo typecheck; fix remaining web diagnostics; full build; browser E2E	CLEAN	/home/dev/.codex/worktrees/public-site-typecheck-finish-20261004	ALREADY_CANONICAL
BRANCH	refs/remotes/origin/codex/fix-runner-dom-settle-tests	3fefabfe1327e7544c20ddb79e119149a364b727	DIVERGED_FROM_MAIN	1	81	READY_FOR_INTEGRATION	Fix macOS-flaky Runner DOM settle tests	NONE	CLEAN	/home/dev/.codex/worktrees/runner-dom-settle-tests	REVIEW_FAST_GATE_AND_INTEGRATE
BRANCH	refs/remotes/origin/codex/improve-release-lifecycle-skills-20261004	642c97d2f7c612bb6cd9dee3c5a3663f02eef71e	DIVERGED_FROM_MAIN	1	65	READY_FOR_HEAVY_VERIFICATION	Improve release lifecycle skill handoffs and task SHA guard	External CI verification for promotion tooling; maintain heavy gate before main promotion; task-specific canonical build/deploy smoke only after an integrated SHA exists	CLEAN	/home/dev/.codex/worktrees/improve-release-lifecycle-skills-20261004	REVIEW_FAST_GATE_AND_INTEGRATE
BRANCH	refs/remotes/origin/codex/integration-controller-runner-20261004	abe6ce0505741a47565dd4e018abfd3ad39d5176	ALREADY_IN_MAIN	0	57	NONE	UNKNOWN	NONE	NONE		ALREADY_CANONICAL
BRANCH	refs/remotes/origin/codex/runner-artifact-auth-20261004	7830330719dbcbefec462112da3952ac6c3ebdc8	DIVERGED_FROM_MAIN	1	68	READY_FOR_INTEGRATION	Runner GUI installers and secured download route	NONE	CLEAN	/home/dev/.codex/worktrees/runner-desktop-build-ui	REVIEW_FAST_GATE_AND_INTEGRATE
BRANCH	refs/remotes/origin/codex/runner-build-date-console-fix-20261005	68247741efb2ccf55e0e0a08dacf3ee86f0402b5	DIVERGED_FROM_MAIN	1	53	READY_FOR_HEAVY_VERIFICATION	Spec 205 follow-up: guarantee native Runner build timestamps and portable checksums	Rebuild Windows NSIS and macOS Universal from this branch; require nonempty ISO buildDate in manifests and verify SHA256SUMS on Linux	CLEAN	/home/dev/.codex/worktrees/runner-build-date-console-fix-20261005	REVIEW_FAST_GATE_AND_INTEGRATE
BRANCH	refs/remotes/origin/codex/runner-catalog-consistency-20261004	50cc4fd3d410966de50fd46d0a2f6cd710b38a2c	DIVERGED_FROM_MAIN	1	66	READY_FOR_HEAVY_VERIFICATION	Runner Dashboard CLI and Desktop review downloads	focused Runner API auth/service and Dashboard component verification; affected web package typecheck/build; live authenticated download check after integration/deploy	CLEAN	/home/dev/.codex/worktrees/runner-catalog-consistency-20261004	REVIEW_FAST_GATE_AND_INTEGRATE
BRANCH	refs/remotes/origin/codex/runner-desktop-build-ui	9f623b80de23703e138781e7c78268e9c105fb1d	DIVERGED_FROM_MAIN	10	79	NONE	UNKNOWN	NONE	NONE		REVIEW_FAST_GATE_AND_INTEGRATE
BRANCH	refs/remotes/origin/codex/runner-desktop-dashboard-download-20261004	446c4c8e740838ca3579b5330d3f4e1c3675264d	DIVERGED_FROM_MAIN	2	66	READY_FOR_HEAVY_VERIFICATION	Spec 205 dashboard unsigned desktop runner downloads	Focused RunnerReleasePanel and runnerReleases route/service tests; affected web-package typecheck/build; live authenticated Windows/macOS ZIP download after deployment	CLEAN	/home/dev/.codex/worktrees/runner-desktop-dashboard-download-20261004	REVIEW_FAST_GATE_AND_INTEGRATE
BRANCH	refs/remotes/origin/codex/runner-desktop-download-history-20261004	044f78a02f2a1a1a202420e25bf0a3139205242e	DIVERGED_FROM_MAIN	3	66	NONE	UNKNOWN	NONE	CLEAN	/home/dev/.codex/worktrees/runner-desktop-download-history-20261004	REVIEW_FAST_GATE_AND_INTEGRATE
BRANCH	refs/remotes/origin/codex/runner-desktop-history-ci-fix-20261004	f5b275d0884709858bdefa9961444ca8acd41e93	DIVERGED_FROM_MAIN	1	58	READY_FOR_HEAVY_VERIFICATION	Spec 205 Runner desktop history, max five versions	No repository typecheck per AGENTS.md; full monorepo build and authenticated Dashboard download smoke after integration/deploy	CLEAN	/home/dev/.codex/worktrees/runner-desktop-history-ci-fix-20261004	REVIEW_FAST_GATE_AND_INTEGRATE
BRANCH	refs/remotes/origin/codex/runner-desktop-history-delivery-20261004	82ddd6fbf6b558b98e6912ebabf8b90509be52f7	DIVERGED_FROM_MAIN	1	58	READY_FOR_HEAVY_VERIFICATION	Runner dashboard release history and platform review downloads	PR SmartSpecWeb full coverage run 37216681403; broad monorepo suite remains deferred because unrelated CI baseline failures	CLEAN	/home/dev/.codex/worktrees/runner-desktop-history-delivery-20261004	REVIEW_FAST_GATE_AND_INTEGRATE
BRANCH	refs/remotes/origin/codex/runner-desktop-history-final-20261004	2dad61abd2471a9636ad934b661ffd72a42d0915	DIVERGED_FROM_MAIN	3	66	READY_FOR_HEAVY_VERIFICATION	Spec 205 Dashboard desktop Runner history	focused Runner UI/API tests and affected web build on CI; repository typecheck prohibited by AGENTS.md; live authenticated Windows/macOS download after deployment; broad CI run 37185794755 failed unrelated jobs and SmartSpecWeb test step stopped before build	CLEAN	/home/dev/.codex/worktrees/runner-desktop-history-final-20261004	REVIEW_FAST_GATE_AND_INTEGRATE
BRANCH	refs/remotes/origin/codex/runner-desktop-onboarding-20261004	bc59f832ddd496006004d27de0022df2f54813ec	ALREADY_IN_MAIN	0	65	READY_FOR_HEAVY_VERIFICATION	Runner Desktop real Codex task verification and onboarding metadata	Windows and macOS native installer build/install; target-host Codex CLI prompt response; provider-authenticated end-to-end verification	CLEAN	/home/dev/.codex/worktrees/runner-windows-console-20261004	ALREADY_CANONICAL
BRANCH	refs/remotes/origin/codex/runner-desktop-ui-fix-20261004	7f7634b50aa6efbfed1dc080d372cb4d7b297616	DIVERGED_FROM_MAIN	1	70	READY_FOR_INTEGRATION	Runner GUI installer and CLI catalog clarity	NONE	NONE		REVIEW_FAST_GATE_AND_INTEGRATE
BRANCH	refs/remotes/origin/codex/runner-ui-harness-version-console-20261005	c059bee6e2dd24d401e05a4e8f8c5e8ae9dc52ec	ALREADY_IN_MAIN	0	53	READY_FOR_HEAVY_VERIFICATION	Spec 205 Runner desktop release: suppress Windows consoles, display build/install identity, and user-triggered Codex task verification	Native Windows x64 NSIS and macOS Universal DMG builds; inspect packaged version/build-date resources; Windows GUI launch and harness subprocess console smoke check on Windows	CLEAN	/home/dev/.codex/worktrees/runner-ui-harness-fix-20261005	ALREADY_CANONICAL
BRANCH	refs/remotes/origin/codex/runner-verify-task-response-20261005	4f73cddfeb96588c9834dd3a529c24b00a106541	DIVERGED_FROM_MAIN	1	51	READY_FOR_HEAVY_VERIFICATION	Runner harness discovery and real response verification	Windows/macOS native validation on hosted CI before main integration	CLEAN	/home/dev/.codex/worktrees/runner-verify-task-response-20261005	REVIEW_FAST_GATE_AND_INTEGRATE
BRANCH	refs/remotes/origin/codex/spec224-readiness-docs-20261004	c4a393059a1ed2c956f2d08cc4ca9b4d9e407ccd	DIVERGED_FROM_MAIN	1	66	READY_FOR_INTEGRATION	Spec 224 readiness status correction	NONE	CLEAN	/home/dev/worktrees/spec224-readiness-docs-20261004	REVIEW_FAST_GATE_AND_INTEGRATE
BRANCH	refs/remotes/origin/codex/spec224-workspace-first-20261003	fedab7eeb2ae01f876012acb65492c8b38e962fb	DIVERGED_FROM_MAIN	1	65	READY_FOR_HEAVY_VERIFICATION	Spec 224 local workspace-first Runner candidate runtime	HEAVY_PENDING: migration application/replay; live Runner/provider smoke; Final Verify runtime; deployment verification	CLEAN	/home/dev/worktrees/spec224-workspace-first-20261003	REVIEW_FAST_GATE_AND_INTEGRATE
BRANCH	refs/remotes/origin/codex/spec263-270-completeness-review-20261004	222b80780ef7b6a0bdf2389b3de37a3c12d52761	DIVERGED_FROM_MAIN	1	65	READY_FOR_HEAVY_VERIFICATION	Spec 263/270 ten-round completeness audit and safe gap closure	heavy verification of cross-tenant browser/production behavior; durable design storage/recovery/retention owner; callable Spec 224/256 authority; certified provider binding and cleanup; approved Film design/copy/assets/rights	CLEAN	/home/dev/.codex/worktrees/spec263-270-completeness-review-20261004	REVIEW_FAST_GATE_AND_INTEGRATE
BRANCH	refs/remotes/origin/codex/spec263-270-tenant-completion-20261004	7722e4fdff4bdc9ce4af6c148e89345fb1a83218	DIVERGED_FROM_MAIN	1	66	READY_FOR_HEAVY_VERIFICATION	Spec 263/270 tenant-aware public homepage	focused tests, package typecheck/build, DB compatibility and migration review, integration, synchronized deploy, smartaihub.app tenant page/runtime verification	DIRTY	/home/dev/.codex/worktrees/spec263-270-tenant-completion-20261004	PRESERVE_DIRTY_THEN_SPLIT_SAFE_CHECKPOINT
BRANCH	refs/remotes/origin/codex/spec266-runtime-composition-20261005	cdb56a4b9bb97f2668c6bfe0f5d081a27fa1066c	DIVERGED_FROM_MAIN	1	40	READY_FOR_HEAVY_VERIFICATION	Spec 266 runtime-gate follow-up	Serialized full repository verification; production research executor and trusted runtime readiness composition; source rights/provider and 260-to-Fabric binding; durable candidate/notice writer; 262 compatibility replay; deployment, rollback, migration parity and §47 environment/operator evidence	CLEAN	/home/dev/projects/SmartSpecPro-spec266-unified-data-evidence	REVIEW_FAST_GATE_AND_INTEGRATE
BRANCH	refs/remotes/origin/codex/spec266-unified-data-evidence-clean-20261005	68454ec5bda98e4dc9775fed6e45aea8571d1b8b	DIVERGED_FROM_MAIN	1	41	READY_FOR_HEAVY_VERIFICATION	Spec 266 unified data evidence implementation	Full repo verification; runtime wiring/outbox integration for Fabric seams; current 260-to-Fabric trust binding and 262 compatibility proof; provider rights/production capture validation; deployment and rollback/schema readiness	NONE		REVIEW_FAST_GATE_AND_INTEGRATE
BRANCH	refs/remotes/origin/codex/task-parallel-codex-workflow	35fc15100867b685450793db124e9d0c0c25bd48	DIVERGED_FROM_MAIN	1	81	READY_FOR_INTEGRATION	parallel-codex-workflow	NONE	CLEAN	/home/dev/.codex/worktrees/parallel-codex-workflow	REVIEW_FAST_GATE_AND_INTEGRATE
BRANCH	refs/remotes/origin/codex/tenant-public-site-20261004	5bb6a0a4062a0ffd955fd6f4ce9298dc16eea363	DIVERGED_FROM_MAIN	1	65	READY_FOR_HEAVY_VERIFICATION	tenant-aware public homepage and tenant-ID alignment	serialized schema and client/server contract verification; build/deploy remains deferred by user instruction	CLEAN	/home/dev/.codex/worktrees/tenant-public-site-20261004	REVIEW_FAST_GATE_AND_INTEGRATE
WORKTREE	/home/dev/projects/SmartSpecPro	d6ef8f3eb88f408a0259633ef4c48325e12bf0cd	refs/heads/codex/spec261-spaas-phase-a-20261005	-	-	-	-	-	DIRTY	/home/dev/projects/SmartSpecPro	PRESERVE_AND_CLASSIFY
WORKTREE	/home/dev/.codex/reviews/spec224-d345-independent-6aa34bc0	6aa34bc0b8b9c51ef986afdbcdbb1ba8b30434f6	DETACHED	-	-	-	-	-	CLEAN	/home/dev/.codex/reviews/spec224-d345-independent-6aa34bc0	CLASSIFY_BEFORE_CLEANUP
WORKTREE	/home/dev/.codex/reviews/spec224-d347-independent	4e0e4425ef4e953b346a205bfdb67f9126c68d1f	DETACHED	-	-	-	-	-	CLEAN	/home/dev/.codex/reviews/spec224-d347-independent	CLASSIFY_BEFORE_CLEANUP
WORKTREE	/home/dev/.codex/reviews/spec224-d349-independent-a04b306f	a04b306f8fca8c00076e08c712a9662a54e0ae9e	DETACHED	-	-	-	-	-	CLEAN	/home/dev/.codex/reviews/spec224-d349-independent-a04b306f	CLASSIFY_BEFORE_CLEANUP
WORKTREE	/home/dev/.codex/reviews/spec224-d349-independent-final-6a678eed	6a678eed019550ff883ac404de10080903c41bf0	DETACHED	-	-	-	-	-	CLEAN	/home/dev/.codex/reviews/spec224-d349-independent-final-6a678eed	CLASSIFY_BEFORE_CLEANUP
WORKTREE	/home/dev/.codex/reviews/spec224-d376-101573d42e4e	101573d42e4e539a395e4929464bc4ec42c599ad	DETACHED	-	-	-	-	-	CLEAN	/home/dev/.codex/reviews/spec224-d376-101573d42e4e	CLASSIFY_BEFORE_CLEANUP
WORKTREE	/home/dev/.codex/reviews/spec224-d376-final-0bf9bc3d	0bf9bc3dc50b8d3b0fdff155c6128708e1d705fd	DETACHED	-	-	-	-	-	CLEAN	/home/dev/.codex/reviews/spec224-d376-final-0bf9bc3d	CLASSIFY_BEFORE_CLEANUP
WORKTREE	/home/dev/.codex/reviews/spec224-d376-final-59acf3e8	59acf3e8acb1df83108c64cce7c137c9e3970623	DETACHED	-	-	-	-	-	CLEAN	/home/dev/.codex/reviews/spec224-d376-final-59acf3e8	CLASSIFY_BEFORE_CLEANUP
WORKTREE	/home/dev/.codex/reviews/spec224-d376-independent-f56ce1256	f56ce125604223238e52901d8c37f9d8c5d713db	DETACHED	-	-	-	-	-	CLEAN	/home/dev/.codex/reviews/spec224-d376-independent-f56ce1256	CLASSIFY_BEFORE_CLEANUP
WORKTREE	/home/dev/.codex/worktrees/improve-release-lifecycle-skills-20261004	642c97d2f7c612bb6cd9dee3c5a3663f02eef71e	refs/heads/codex/improve-release-lifecycle-skills-20261004	-	-	-	-	-	CLEAN	/home/dev/.codex/worktrees/improve-release-lifecycle-skills-20261004	CLASSIFY_BEFORE_CLEANUP
WORKTREE	/home/dev/.codex/worktrees/integration-controller-20261003	bd61133bc4ca68ddf7d797e9f2d42e1cc150cb37	refs/heads/codex/integration-runner-desktop-ui-20261004	-	-	-	-	-	CLEAN	/home/dev/.codex/worktrees/integration-controller-20261003	CLASSIFY_BEFORE_CLEANUP
WORKTREE	/home/dev/.codex/worktrees/integration-controller-runner-20261004	b360c16454c608780a9f512e274e9e577adc685a	refs/heads/codex/integration-controller-runner-desktop-20261005	-	-	-	-	-	CLEAN	/home/dev/.codex/worktrees/integration-controller-runner-20261004	CLASSIFY_BEFORE_CLEANUP
WORKTREE	/home/dev/.codex/worktrees/integration-controller-spec266-20261005	b360c16454c608780a9f512e274e9e577adc685a	refs/heads/codex/integration-controller-spec266-20261005	-	-	-	-	-	CLEAN	/home/dev/.codex/worktrees/integration-controller-spec266-20261005	CLASSIFY_BEFORE_CLEANUP
WORKTREE	/home/dev/.codex/worktrees/parallel-codex-workflow	35fc15100867b685450793db124e9d0c0c25bd48	refs/heads/codex/task-parallel-codex-workflow	-	-	-	-	-	CLEAN	/home/dev/.codex/worktrees/parallel-codex-workflow	CLASSIFY_BEFORE_CLEANUP
WORKTREE	/home/dev/.codex/worktrees/public-site-typecheck-finish-20261004	8e7897f2d2de1c81c0daf4dfef92bf1895c7b2ae	refs/heads/codex/fix-public-site-typecheck-20261004	-	-	-	-	-	CLEAN	/home/dev/.codex/worktrees/public-site-typecheck-finish-20261004	CLASSIFY_BEFORE_CLEANUP
WORKTREE	/home/dev/.codex/worktrees/runner-build-date-console-fix-20261005	68247741efb2ccf55e0e0a08dacf3ee86f0402b5	refs/heads/codex/runner-build-date-console-fix-20261005	-	-	-	-	-	CLEAN	/home/dev/.codex/worktrees/runner-build-date-console-fix-20261005	CLASSIFY_BEFORE_CLEANUP
WORKTREE	/home/dev/.codex/worktrees/runner-catalog-consistency-20261004	50cc4fd3d410966de50fd46d0a2f6cd710b38a2c	refs/heads/codex/runner-catalog-consistency-20261004	-	-	-	-	-	CLEAN	/home/dev/.codex/worktrees/runner-catalog-consistency-20261004	CLASSIFY_BEFORE_CLEANUP
WORKTREE	/home/dev/.codex/worktrees/runner-desktop-build-ui	7830330719dbcbefec462112da3952ac6c3ebdc8	refs/heads/codex/runner-artifact-auth-20261004	-	-	-	-	-	CLEAN	/home/dev/.codex/worktrees/runner-desktop-build-ui	CLASSIFY_BEFORE_CLEANUP
WORKTREE	/home/dev/.codex/worktrees/runner-desktop-dashboard-download-20261004	446c4c8e740838ca3579b5330d3f4e1c3675264d	refs/heads/codex/runner-desktop-dashboard-download-20261004	-	-	-	-	-	CLEAN	/home/dev/.codex/worktrees/runner-desktop-dashboard-download-20261004	CLASSIFY_BEFORE_CLEANUP
WORKTREE	/home/dev/.codex/worktrees/runner-desktop-download-history-20261004	044f78a02f2a1a1a202420e25bf0a3139205242e	refs/heads/codex/runner-desktop-download-history-20261004	-	-	-	-	-	CLEAN	/home/dev/.codex/worktrees/runner-desktop-download-history-20261004	CLASSIFY_BEFORE_CLEANUP
WORKTREE	/home/dev/.codex/worktrees/runner-desktop-history-ci-fix-20261004	f5b275d0884709858bdefa9961444ca8acd41e93	refs/heads/codex/runner-desktop-history-ci-fix-20261004	-	-	-	-	-	CLEAN	/home/dev/.codex/worktrees/runner-desktop-history-ci-fix-20261004	CLASSIFY_BEFORE_CLEANUP
WORKTREE	/home/dev/.codex/worktrees/runner-desktop-history-delivery-20261004	82ddd6fbf6b558b98e6912ebabf8b90509be52f7	refs/heads/codex/runner-desktop-history-delivery-20261004	-	-	-	-	-	CLEAN	/home/dev/.codex/worktrees/runner-desktop-history-delivery-20261004	CLASSIFY_BEFORE_CLEANUP
WORKTREE	/home/dev/.codex/worktrees/runner-desktop-history-final-20261004	2dad61abd2471a9636ad934b661ffd72a42d0915	refs/heads/codex/runner-desktop-history-final-20261004	-	-	-	-	-	CLEAN	/home/dev/.codex/worktrees/runner-desktop-history-final-20261004	CLASSIFY_BEFORE_CLEANUP
WORKTREE	/home/dev/.codex/worktrees/runner-dom-settle-tests	3fefabfe1327e7544c20ddb79e119149a364b727	refs/heads/codex/fix-runner-dom-settle-tests	-	-	-	-	-	CLEAN	/home/dev/.codex/worktrees/runner-dom-settle-tests	CLASSIFY_BEFORE_CLEANUP
WORKTREE	/home/dev/.codex/worktrees/runner-downloads	3d48e4a5da11cfb66e7b7a1d2c8f68b1276435ae	refs/heads/codex/runner-downloads	-	-	-	-	-	CLEAN	/home/dev/.codex/worktrees/runner-downloads	CLASSIFY_BEFORE_CLEANUP
WORKTREE	/home/dev/.codex/worktrees/runner-native-ui/SmartSpecPro	80711ed5cecbefc3fe41da93d9281599773dcd35	refs/heads/codex/runner-native-ui	-	-	-	-	-	CLEAN	/home/dev/.codex/worktrees/runner-native-ui/SmartSpecPro	CLASSIFY_BEFORE_CLEANUP
WORKTREE	/home/dev/.codex/worktrees/runner-ui-harness-fix-20261005	c059bee6e2dd24d401e05a4e8f8c5e8ae9dc52ec	refs/heads/codex/runner-ui-harness-version-console-20261005	-	-	-	-	-	CLEAN	/home/dev/.codex/worktrees/runner-ui-harness-fix-20261005	CLASSIFY_BEFORE_CLEANUP
WORKTREE	/home/dev/.codex/worktrees/runner-verify-task-response-20261005	4f73cddfeb96588c9834dd3a529c24b00a106541	refs/heads/codex/runner-verify-task-response-20261005	-	-	-	-	-	CLEAN	/home/dev/.codex/worktrees/runner-verify-task-response-20261005	CLASSIFY_BEFORE_CLEANUP
WORKTREE	/home/dev/.codex/worktrees/runner-windows-console-20261004	bc59f832ddd496006004d27de0022df2f54813ec	refs/heads/codex/runner-desktop-onboarding-20261004	-	-	-	-	-	CLEAN	/home/dev/.codex/worktrees/runner-windows-console-20261004	CLASSIFY_BEFORE_CLEANUP
WORKTREE	/home/dev/.codex/worktrees/smartspecpro-orchestra-tdd	f44ae64e46980869fc05c94f5e7e4f164740879b	DETACHED	-	-	-	-	-	CLEAN	/home/dev/.codex/worktrees/smartspecpro-orchestra-tdd	CLASSIFY_BEFORE_CLEANUP
WORKTREE	/home/dev/.codex/worktrees/spec216-route-alignment-20261005	d6ef8f3eb88f408a0259633ef4c48325e12bf0cd	refs/heads/codex/spec216-route-alignment-20261005	-	-	-	-	-	DIRTY	/home/dev/.codex/worktrees/spec216-route-alignment-20261005	PRESERVE_AND_CLASSIFY
WORKTREE	/home/dev/.codex/worktrees/spec261-closeout-20261005	b65e1f5488880c0555556d5a0badf1e9661903ea	refs/heads/codex/spec261-closeout-20261005	-	-	-	-	-	CLEAN	/home/dev/.codex/worktrees/spec261-closeout-20261005	CLASSIFY_BEFORE_CLEANUP
WORKTREE	/home/dev/.codex/worktrees/spec263-270-completeness-review-20261004	222b80780ef7b6a0bdf2389b3de37a3c12d52761	refs/heads/codex/spec263-270-completeness-review-20261004	-	-	-	-	-	CLEAN	/home/dev/.codex/worktrees/spec263-270-completeness-review-20261004	CLASSIFY_BEFORE_CLEANUP
WORKTREE	/home/dev/.codex/worktrees/spec263-270-implementation/SmartSpecPro	49decb91ee595fb10f5191116c77601f975d8f02	refs/heads/codex/spec263-270-implementation	-	-	-	-	-	CLEAN	/home/dev/.codex/worktrees/spec263-270-implementation/SmartSpecPro	CLASSIFY_BEFORE_CLEANUP
WORKTREE	/home/dev/.codex/worktrees/spec263-270-public-completion-20261005	5df31462f8edc9b42b2e9758acb4d3474592bfef	refs/heads/codex/spec263-270-public-completion-20261005	-	-	-	-	-	DIRTY	/home/dev/.codex/worktrees/spec263-270-public-completion-20261005	PRESERVE_AND_CLASSIFY
WORKTREE	/home/dev/.codex/worktrees/spec263-270-tenant-completion-20261004	7722e4fdff4bdc9ce4af6c148e89345fb1a83218	refs/heads/codex/spec263-270-tenant-completion-20261004	-	-	-	-	-	DIRTY	/home/dev/.codex/worktrees/spec263-270-tenant-completion-20261004	PRESERVE_AND_CLASSIFY
WORKTREE	/home/dev/.codex/worktrees/spec263-270-website-completion/SmartSpecPro	206887a2ab5271b91d4fe8743338451e5a68b2ee	refs/heads/codex/spec263-270-website-completion-20261003	-	-	-	-	-	CLEAN	/home/dev/.codex/worktrees/spec263-270-website-completion/SmartSpecPro	CLASSIFY_BEFORE_CLEANUP
WORKTREE	/home/dev/.codex/worktrees/tenant-public-site-20261004	5bb6a0a4062a0ffd955fd6f4ce9298dc16eea363	refs/heads/codex/tenant-public-site-20261004	-	-	-	-	-	CLEAN	/home/dev/.codex/worktrees/tenant-public-site-20261004	CLASSIFY_BEFORE_CLEANUP
WORKTREE	/home/dev/projects/SmartSpecPro-feature130-impl	f782e463497b738a8a1235b18b1ea36e09b8427d	DETACHED	-	-	-	-	-	DIRTY	/home/dev/projects/SmartSpecPro-feature130-impl	PRESERVE_AND_CLASSIFY
WORKTREE	/home/dev/projects/SmartSpecPro-spec224-d336-cloudflare-integration	1525a661b370b651fc8982c2ed523324f9baf82a	DETACHED	-	-	-	-	-	CLEAN	/home/dev/projects/SmartSpecPro-spec224-d336-cloudflare-integration	CLASSIFY_BEFORE_CLEANUP
WORKTREE	/home/dev/projects/SmartSpecPro-spec224-d337-db-cert	cdf92d2106a2000d0ff10ea58031bc4af09f19b1	DETACHED	-	-	-	-	-	CLEAN	/home/dev/projects/SmartSpecPro-spec224-d337-db-cert	CLASSIFY_BEFORE_CLEANUP
WORKTREE	/home/dev/projects/SmartSpecPro-spec224-d338-migration-repair	58b049fe8768b5b71f19ab2833cdbe32479135b6	DETACHED	-	-	-	-	-	CLEAN	/home/dev/projects/SmartSpecPro-spec224-d338-migration-repair	CLASSIFY_BEFORE_CLEANUP
WORKTREE	/home/dev/projects/SmartSpecPro-spec224-d339-fresh-baseline	8c121bc3f5ee2af8434b7cb9a641364d13d615b5	DETACHED	-	-	-	-	-	CLEAN	/home/dev/projects/SmartSpecPro-spec224-d339-fresh-baseline	CLASSIFY_BEFORE_CLEANUP
WORKTREE	/home/dev/projects/SmartSpecPro-spec224-d340-db-cert	98f1451c67fd2beb3a6922e72dc9b2981900f444	DETACHED	-	-	-	-	-	CLEAN	/home/dev/projects/SmartSpecPro-spec224-d340-db-cert	CLASSIFY_BEFORE_CLEANUP
WORKTREE	/home/dev/projects/SmartSpecPro-spec224-d341	3664d26d402b20d2ae777047b917bddede8bd6c4	DETACHED	-	-	-	-	-	CLEAN	/home/dev/projects/SmartSpecPro-spec224-d341	CLASSIFY_BEFORE_CLEANUP
WORKTREE	/home/dev/projects/SmartSpecPro-spec224-d342	f225ca0d61ccce27349e2a803ff52bcd879ede93	DETACHED	-	-	-	-	-	CLEAN	/home/dev/projects/SmartSpecPro-spec224-d342	CLASSIFY_BEFORE_CLEANUP
WORKTREE	/home/dev/projects/SmartSpecPro-spec224-d343	1d32c824979eab70aa7dd247bf1d9d5ee795ffb0	DETACHED	-	-	-	-	-	CLEAN	/home/dev/projects/SmartSpecPro-spec224-d343	CLASSIFY_BEFORE_CLEANUP
WORKTREE	/home/dev/projects/SmartSpecPro-spec224-d344-ack	099f76919367608383ad276884e9601f3a8c65ee	DETACHED	-	-	-	-	-	CLEAN	/home/dev/projects/SmartSpecPro-spec224-d344-ack	CLASSIFY_BEFORE_CLEANUP
WORKTREE	/home/dev/projects/SmartSpecPro-spec224-d344-review	eda2fc0a64f1070de28c04f976ac12b070bebaa6	DETACHED	-	-	-	-	-	CLEAN	/home/dev/projects/SmartSpecPro-spec224-d344-review	CLASSIFY_BEFORE_CLEANUP
WORKTREE	/home/dev/projects/SmartSpecPro-spec224-d345-crash-window	00cd52a3824a68c413409bf30955119a2bab9a00	DETACHED	-	-	-	-	-	CLEAN	/home/dev/projects/SmartSpecPro-spec224-d345-crash-window	CLASSIFY_BEFORE_CLEANUP
WORKTREE	/home/dev/projects/SmartSpecPro-spec224-d346-evidence	829470dc30e792edadd49ae216e79666c18162e7	DETACHED	-	-	-	-	-	CLEAN	/home/dev/projects/SmartSpecPro-spec224-d346-evidence	CLASSIFY_BEFORE_CLEANUP
WORKTREE	/home/dev/projects/SmartSpecPro-spec224-d346-independent	6aa34bc0b8b9c51ef986afdbcdbb1ba8b30434f6	DETACHED	-	-	-	-	-	CLEAN	/home/dev/projects/SmartSpecPro-spec224-d346-independent	CLASSIFY_BEFORE_CLEANUP
WORKTREE	/home/dev/projects/SmartSpecPro-spec224-d347-cancellation	b59e24fa89cf3ba8e0146a7dfa7dea9be5e4f51e	DETACHED	-	-	-	-	-	CLEAN	/home/dev/projects/SmartSpecPro-spec224-d347-cancellation	CLASSIFY_BEFORE_CLEANUP
WORKTREE	/home/dev/projects/SmartSpecPro-spec224-d349-cancel-e2e	e9c3f8ee76cfee6d17467a87bc4f7aa4e7eea336	DETACHED	-	-	-	-	-	CLEAN	/home/dev/projects/SmartSpecPro-spec224-d349-cancel-e2e	CLASSIFY_BEFORE_CLEANUP
WORKTREE	/home/dev/projects/SmartSpecPro-spec224-d349-grant	e6244e8ff9c0a2b00aed9ef27b1f28957f4ab5c4	DETACHED	-	-	-	-	-	CLEAN	/home/dev/projects/SmartSpecPro-spec224-d349-grant	CLASSIFY_BEFORE_CLEANUP
WORKTREE	/home/dev/projects/SmartSpecPro-spec224-d349-integration	6a678eed019550ff883ac404de10080903c41bf0	DETACHED	-	-	-	-	-	CLEAN	/home/dev/projects/SmartSpecPro-spec224-d349-integration	CLASSIFY_BEFORE_CLEANUP
WORKTREE	/home/dev/projects/SmartSpecPro-spec224-d350-admission	298098332b3e66f4e9d72fb511904bb742059d7d	DETACHED	-	-	-	-	-	CLEAN	/home/dev/projects/SmartSpecPro-spec224-d350-admission	CLASSIFY_BEFORE_CLEANUP
WORKTREE	/home/dev/projects/SmartSpecPro-spec224-d350-source	6a678eed019550ff883ac404de10080903c41bf0	DETACHED	-	-	-	-	-	CLEAN	/home/dev/projects/SmartSpecPro-spec224-d350-source	CLASSIFY_BEFORE_CLEANUP
WORKTREE	/home/dev/projects/SmartSpecPro-spec224-d351-admission	ef87c8ebc50255f3b061b4e0853d7ebdb9b02ae8	DETACHED	-	-	-	-	-	CLEAN	/home/dev/projects/SmartSpecPro-spec224-d351-admission	CLASSIFY_BEFORE_CLEANUP
WORKTREE	/home/dev/projects/SmartSpecPro-spec224-d351-git-tree-snapshot	149adaed70540f3a8b997513c9cbda04c20668ce	DETACHED	-	-	-	-	-	CLEAN	/home/dev/projects/SmartSpecPro-spec224-d351-git-tree-snapshot	CLASSIFY_BEFORE_CLEANUP
WORKTREE	/home/dev/projects/SmartSpecPro-spec224-d351-runtime	dfffe53c91faec4fdd71c2460b8556503c216341	DETACHED	-	-	-	-	-	CLEAN	/home/dev/projects/SmartSpecPro-spec224-d351-runtime	CLASSIFY_BEFORE_CLEANUP
WORKTREE	/home/dev/projects/SmartSpecPro-spec224-d351-source-attestation	e47493cce4b2faff6c320506b250b1a9dd11cadf	DETACHED	-	-	-	-	-	CLEAN	/home/dev/projects/SmartSpecPro-spec224-d351-source-attestation	CLASSIFY_BEFORE_CLEANUP
WORKTREE	/home/dev/projects/SmartSpecPro-spec224-d356-integration	98da42bb733769e82ad698abb333d0929f929a3c	DETACHED	-	-	-	-	-	CLEAN	/home/dev/projects/SmartSpecPro-spec224-d356-integration	CLASSIFY_BEFORE_CLEANUP
WORKTREE	/home/dev/projects/SmartSpecPro-spec224-d365-review	bb7e6b12a737c6dab83f47ea189e56ccfbd323da	DETACHED	-	-	-	-	-	CLEAN	/home/dev/projects/SmartSpecPro-spec224-d365-review	CLASSIFY_BEFORE_CLEANUP
WORKTREE	/home/dev/projects/SmartSpecPro-spec224-d365-review-final	c6904d7715e9e16aef633d2d5a78ddea895121e1	DETACHED	-	-	-	-	-	CLEAN	/home/dev/projects/SmartSpecPro-spec224-d365-review-final	CLASSIFY_BEFORE_CLEANUP
WORKTREE	/home/dev/projects/SmartSpecPro-spec224-d365-review-final2	d0876e025da36103c5fb2857e78290e4cdb9375f	DETACHED	-	-	-	-	-	CLEAN	/home/dev/projects/SmartSpecPro-spec224-d365-review-final2	CLASSIFY_BEFORE_CLEANUP
WORKTREE	/home/dev/projects/SmartSpecPro-spec224-d365-review-final3	561438202d223de13e757f1641a3de4cf4013126	DETACHED	-	-	-	-	-	CLEAN	/home/dev/projects/SmartSpecPro-spec224-d365-review-final3	CLASSIFY_BEFORE_CLEANUP
WORKTREE	/home/dev/projects/SmartSpecPro-spec224-d365-review-final4	61977e811a029dbedffbcc4133b60b9498b70108	DETACHED	-	-	-	-	-	CLEAN	/home/dev/projects/SmartSpecPro-spec224-d365-review-final4	CLASSIFY_BEFORE_CLEANUP
WORKTREE	/home/dev/projects/SmartSpecPro-spec224-d365-review-final5	47cabe92109ec17e407d955f313c330ff793829d	DETACHED	-	-	-	-	-	CLEAN	/home/dev/projects/SmartSpecPro-spec224-d365-review-final5	CLASSIFY_BEFORE_CLEANUP
WORKTREE	/home/dev/projects/SmartSpecPro-spec224-d365-review-final6	8c1b204a98bad98c19110848d18bb12c640be551	DETACHED	-	-	-	-	-	CLEAN	/home/dev/projects/SmartSpecPro-spec224-d365-review-final6	CLASSIFY_BEFORE_CLEANUP
WORKTREE	/home/dev/projects/SmartSpecPro-spec224-d371-review	86314de25c4993a118efa19fa0f1c67e98561645	DETACHED	-	-	-	-	-	CLEAN	/home/dev/projects/SmartSpecPro-spec224-d371-review	CLASSIFY_BEFORE_CLEANUP
WORKTREE	/home/dev/projects/SmartSpecPro-spec224-d371-review-closed	d4bf4be1494a95b29cdb9c39bb04a0d8574e1ff2	DETACHED	-	-	-	-	-	CLEAN	/home/dev/projects/SmartSpecPro-spec224-d371-review-closed	CLASSIFY_BEFORE_CLEANUP
WORKTREE	/home/dev/projects/SmartSpecPro-spec224-d371-review-final	a7feca731a72d733c05ae520270db5a04ec400b7	DETACHED	-	-	-	-	-	CLEAN	/home/dev/projects/SmartSpecPro-spec224-d371-review-final	CLASSIFY_BEFORE_CLEANUP
WORKTREE	/home/dev/projects/SmartSpecPro-spec224-d371-review-strict	98da42bb733769e82ad698abb333d0929f929a3c	DETACHED	-	-	-	-	-	CLEAN	/home/dev/projects/SmartSpecPro-spec224-d371-review-strict	CLASSIFY_BEFORE_CLEANUP
WORKTREE	/home/dev/projects/SmartSpecPro-spec224-d372	6df37cb61933adafa7059029e13a3a49b9a6fa10	DETACHED	-	-	-	-	-	DIRTY	/home/dev/projects/SmartSpecPro-spec224-d372	PRESERVE_AND_CLASSIFY
WORKTREE	/home/dev/projects/SmartSpecPro-spec224-d385	2a75eeb92fe7ecf96d3fed49933a04deaa6a9835	DETACHED	-	-	-	-	-	DIRTY	/home/dev/projects/SmartSpecPro-spec224-d385	PRESERVE_AND_CLASSIFY
WORKTREE	/home/dev/projects/SmartSpecPro-spec224-integration-d335	01a6ea96d45bb4e959b13da105eb6020922f2d76	DETACHED	-	-	-	-	-	CLEAN	/home/dev/projects/SmartSpecPro-spec224-integration-d335	CLASSIFY_BEFORE_CLEANUP
WORKTREE	/home/dev/projects/SmartSpecPro-spec224-recovery-d327	7027a95facf845cc691c3044834dabf82f6c9310	DETACHED	-	-	-	-	-	CLEAN	/home/dev/projects/SmartSpecPro-spec224-recovery-d327	CLASSIFY_BEFORE_CLEANUP
WORKTREE	/home/dev/projects/SmartSpecPro-spec224-solo-fastlane	1bb9c8ea09e59b3be5789e79e91d756bfd5a9fcf	DETACHED	-	-	-	-	-	CLEAN	/home/dev/projects/SmartSpecPro-spec224-solo-fastlane	CLASSIFY_BEFORE_CLEANUP
WORKTREE	/home/dev/projects/SmartSpecPro-spec224-source-d328	1af88d72b46f11393f88bad4a88ca8fb32810b84	DETACHED	-	-	-	-	-	CLEAN	/home/dev/projects/SmartSpecPro-spec224-source-d328	CLASSIFY_BEFORE_CLEANUP
WORKTREE	/home/dev/projects/SmartSpecPro-spec224-ui-01	558469e64a55e68e45c136fd4a33c53b19a6f53d	DETACHED	-	-	-	-	-	CLEAN	/home/dev/projects/SmartSpecPro-spec224-ui-01	CLASSIFY_BEFORE_CLEANUP
WORKTREE	/home/dev/projects/SmartSpecPro-spec266-unified-data-evidence	cdb56a4b9bb97f2668c6bfe0f5d081a27fa1066c	refs/heads/codex/spec266-runtime-composition-20261005	-	-	-	-	-	CLEAN	/home/dev/projects/SmartSpecPro-spec266-unified-data-evidence	CLASSIFY_BEFORE_CLEANUP
WORKTREE	/home/dev/projects/SmartSpecPro-wt-spec278	d6ef8f3eb88f408a0259633ef4c48325e12bf0cd	refs/heads/codex/spec278-durable-sessions	-	-	-	-	-	DIRTY	/home/dev/projects/SmartSpecPro-wt-spec278	PRESERVE_AND_CLASSIFY
WORKTREE	/home/dev/projects/SmartSpecPro-wt-spec278-main	364157539bbbba2b0c5dcce232bdabf942b41187	refs/heads/codex/spec278-safe-checkpoint-20261005	-	-	-	-	-	DIRTY	/home/dev/projects/SmartSpecPro-wt-spec278-main	PRESERVE_AND_CLASSIFY
WORKTREE	/home/dev/projects/SmartSpecPro/.claude/worktrees/angry-jepsen-b8397b	e74ba18d349abe46797845b00ca0c7b94acf2dd8	DETACHED	-	-	-	-	-	DIRTY	/home/dev/projects/SmartSpecPro/.claude/worktrees/angry-jepsen-b8397b	PRESERVE_AND_CLASSIFY
WORKTREE	/home/dev/projects/SmartSpecPro/.claude/worktrees/exciting-agnesi-ae4439	e74ba18d349abe46797845b00ca0c7b94acf2dd8	DETACHED	-	-	-	-	-	DIRTY	/home/dev/projects/SmartSpecPro/.claude/worktrees/exciting-agnesi-ae4439	PRESERVE_AND_CLASSIFY
WORKTREE	/home/dev/projects/SmartSpecPro/.claude/worktrees/f142-vi-stages	28f2c1175750809c3282bbffd1c9fc86fb7c468c	DETACHED	-	-	-	-	-	DIRTY	/home/dev/projects/SmartSpecPro/.claude/worktrees/f142-vi-stages	PRESERVE_AND_CLASSIFY
WORKTREE	/home/dev/projects/SmartSpecPro/.claude/worktrees/funny-bardeen-170c94	b85ccd818477c8977eae6d8c46ffb051bb3575de	DETACHED	-	-	-	-	-	DIRTY	/home/dev/projects/SmartSpecPro/.claude/worktrees/funny-bardeen-170c94	PRESERVE_AND_CLASSIFY
WORKTREE	/home/dev/projects/SmartSpecPro/.claude/worktrees/gallant-kirch-91ba85	60efaaa859dcdae8caff0e1f053c28940c916991	DETACHED	-	-	-	-	-	DIRTY	/home/dev/projects/SmartSpecPro/.claude/worktrees/gallant-kirch-91ba85	PRESERVE_AND_CLASSIFY
WORKTREE	/home/dev/projects/SmartSpecPro/.claude/worktrees/jovial-bouman-b1af37	7b9e53029833ee86d693d9ec64b89e3001452f2b	DETACHED	-	-	-	-	-	DIRTY	/home/dev/projects/SmartSpecPro/.claude/worktrees/jovial-bouman-b1af37	PRESERVE_AND_CLASSIFY
WORKTREE	/home/dev/projects/SmartSpecPro/.claude/worktrees/lucid-jackson-eb7b0a	07213ad1de46df51afcc2cfa2dbb9febc24333a4	DETACHED	-	-	-	-	-	DIRTY	/home/dev/projects/SmartSpecPro/.claude/worktrees/lucid-jackson-eb7b0a	PRESERVE_AND_CLASSIFY
WORKTREE	/home/dev/projects/SmartSpecPro/.claude/worktrees/modest-darwin-1e645b	a82eda8058d078e887a6b59aaac7ad7365fe7eab	DETACHED	-	-	-	-	-	DIRTY	/home/dev/projects/SmartSpecPro/.claude/worktrees/modest-darwin-1e645b	PRESERVE_AND_CLASSIFY
WORKTREE	/home/dev/projects/SmartSpecPro/.claude/worktrees/mystifying-jackson-33a398	b58d75151e9db2547be2a27b184e6d8ea9bc321b	DETACHED	-	-	-	-	-	DIRTY	/home/dev/projects/SmartSpecPro/.claude/worktrees/mystifying-jackson-33a398	PRESERVE_AND_CLASSIFY
WORKTREE	/home/dev/projects/SmartSpecPro/.claude/worktrees/pensive-lederberg-175a92	a82eda8058d078e887a6b59aaac7ad7365fe7eab	DETACHED	-	-	-	-	-	DIRTY	/home/dev/projects/SmartSpecPro/.claude/worktrees/pensive-lederberg-175a92	PRESERVE_AND_CLASSIFY
WORKTREE	/home/dev/projects/SmartSpecPro/.claude/worktrees/sleepy-hypatia-15bd18	80fd7d9eda187dc60417673ded1f7091dc0462c9	DETACHED	-	-	-	-	-	DIRTY	/home/dev/projects/SmartSpecPro/.claude/worktrees/sleepy-hypatia-15bd18	PRESERVE_AND_CLASSIFY
WORKTREE	/home/dev/projects/SmartSpecPro/.claude/worktrees/sleepy-meninsky-5ba131	59ed43c6c9ed2006bb963e90f8b775c2d5dfb595	DETACHED	-	-	-	-	-	DIRTY	/home/dev/projects/SmartSpecPro/.claude/worktrees/sleepy-meninsky-5ba131	PRESERVE_AND_CLASSIFY
WORKTREE	/home/dev/projects/SmartSpecPro/.claude/worktrees/sweet-golick-b1e982	ee14284e8b9fde58787cbd7dfd8090db2e0bb311	DETACHED	-	-	-	-	-	DIRTY	/home/dev/projects/SmartSpecPro/.claude/worktrees/sweet-golick-b1e982	PRESERVE_AND_CLASSIFY
WORKTREE	/home/dev/projects/SmartSpecPro/.claude/worktrees/unruffled-bartik-bfdcb8	1b97b18ba8862a822f1b9797787bf1c1c6378010	DETACHED	-	-	-	-	-	DIRTY	/home/dev/projects/SmartSpecPro/.claude/worktrees/unruffled-bartik-bfdcb8	PRESERVE_AND_CLASSIFY
WORKTREE	/home/dev/projects/SmartSpecPro/.claude/worktrees/youthful-taussig-45cdb0	59ed43c6c9ed2006bb963e90f8b775c2d5dfb595	DETACHED	-	-	-	-	-	DIRTY	/home/dev/projects/SmartSpecPro/.claude/worktrees/youthful-taussig-45cdb0	PRESERVE_AND_CLASSIFY
WORKTREE	/home/dev/smartspec-web-recovery	54e69ffaa69098e3d83efe540baa760c0fa7d9f5	DETACHED	-	-	-	-	-	DIRTY	/home/dev/smartspec-web-recovery	PRESERVE_AND_CLASSIFY
WORKTREE	/home/dev/worktrees/SmartSpecPro-main-synced	54e69ffaa69098e3d83efe540baa760c0fa7d9f5	DETACHED	-	-	-	-	-	CLEAN	/home/dev/worktrees/SmartSpecPro-main-synced	CLASSIFY_BEFORE_CLEANUP
WORKTREE	/home/dev/worktrees/spec224-d330-clean-install	f77bd354f10abcc4721114c77f2219dffda51032	DETACHED	-	-	-	-	-	CLEAN	/home/dev/worktrees/spec224-d330-clean-install	CLASSIFY_BEFORE_CLEANUP
WORKTREE	/home/dev/worktrees/spec224-d336-pnpm-validation	aa452503b59e707e2ac7023e1a69753b7362cd4d	DETACHED	-	-	-	-	-	CLEAN	/home/dev/worktrees/spec224-d336-pnpm-validation	CLASSIFY_BEFORE_CLEANUP
WORKTREE	/home/dev/worktrees/spec224-d338-completion	fc5846ceed13431c9d9111750589ec6a5f34b5ea	DETACHED	-	-	-	-	-	CLEAN	/home/dev/worktrees/spec224-d338-completion	CLASSIFY_BEFORE_CLEANUP
WORKTREE	/home/dev/worktrees/spec224-readiness-docs-20261004	c4a393059a1ed2c956f2d08cc4ca9b4d9e407ccd	refs/heads/codex/spec224-readiness-docs-20261004	-	-	-	-	-	CLEAN	/home/dev/worktrees/spec224-readiness-docs-20261004	CLASSIFY_BEFORE_CLEANUP
WORKTREE	/home/dev/worktrees/spec224-readiness-status-20261004	fedab7eeb2ae01f876012acb65492c8b38e962fb	refs/heads/codex/spec224-readiness-status-20261004	-	-	-	-	-	DIRTY	/home/dev/worktrees/spec224-readiness-status-20261004	PRESERVE_AND_CLASSIFY
WORKTREE	/home/dev/worktrees/spec224-resource-aware-verification-20261003	561b6459c110a8dabc15a0dd32c64b8cf0b1be3f	refs/heads/codex/spec224-resource-aware-verification-20261003	-	-	-	-	-	CLEAN	/home/dev/worktrees/spec224-resource-aware-verification-20261003	CLASSIFY_BEFORE_CLEANUP
WORKTREE	/home/dev/worktrees/spec224-workspace-first-20261003	fedab7eeb2ae01f876012acb65492c8b38e962fb	refs/heads/codex/spec224-workspace-first-20261003	-	-	-	-	-	CLEAN	/home/dev/worktrees/spec224-workspace-first-20261003	CLASSIFY_BEFORE_CLEANUP
WORKTREE	/home/dev/worktrees/spec226-completion-20261004	3f1a7f4cdb799f95410be41f667e3d906d73caa8	refs/heads/codex/spec226-completion-20261004	-	-	-	-	-	DIRTY	/home/dev/worktrees/spec226-completion-20261004	PRESERVE_AND_CLASSIFY
WORKTREE	/home/dev/worktrees/spec231-completion	d3542c060748fbb800e8e97276270d33a4be06ae	DETACHED	-	-	-	-	-	DIRTY	/home/dev/worktrees/spec231-completion	PRESERVE_AND_CLASSIFY
WORKTREE	/home/dev/worktrees/urgent-canonical-convergence-20261005	b65e1f5488880c0555556d5a0badf1e9661903ea	refs/heads/codex/urgent-canonical-convergence-20261005	-	-	-	-	-	DIRTY	/home/dev/worktrees/urgent-canonical-convergence-20261005	PRESERVE_AND_CLASSIFY
WORKTREE	/home/dev/worktrees/worktree-reconciliation-20261003	115926375a4a22e8722b84fbc0badef0a29755bb	refs/heads/codex/worktree-reconciliation-20261003	-	-	-	-	-	CLEAN	/home/dev/worktrees/worktree-reconciliation-20261003	CLASSIFY_BEFORE_CLEANUP
WORKTREE	/tmp/SmartSpecPro-backend-startup-fix	31eae98bdb824aa630b8b9d0cdc007067ea9f123	refs/heads/codex/redis-decoupling	-	-	-	-	-	CLEAN	/tmp/SmartSpecPro-backend-startup-fix	CLASSIFY_BEFORE_CLEANUP
WORKTREE	/tmp/spec224-d330-evidence/recovery-frozen	7027a95facf845cc691c3044834dabf82f6c9310	DETACHED	-	-	-	-	-	CLEAN	/tmp/spec224-d330-evidence/recovery-frozen	CLASSIFY_BEFORE_CLEANUP
WORKTREE	/tmp/spec224-d333-recovery	c8113eb0065071e8174ef52ac51a0f650247f391	DETACHED	-	-	-	-	-	CLEAN	/tmp/spec224-d333-recovery	CLASSIFY_BEFORE_CLEANUP
WORKTREE	/tmp/spec224-d333-source	9aa3f82a51eb23b9445ead94fcd30bf16cd18834	DETACHED	-	-	-	-	-	CLEAN	/tmp/spec224-d333-source	CLASSIFY_BEFORE_CLEANUP
WORKTREE	/tmp/spec224-d365-profile-088	08895596129d3168bb944387d76bf86b4a9b180c	DETACHED	-	-	-	-	-	CLEAN	/tmp/spec224-d365-profile-088	CLASSIFY_BEFORE_CLEANUP
